id,name,is_trans,num_parts,num_sets,y1,y2,lifetime_years,avg_parts_per_set
2,Green,False,90081,26681,1949.0,2026.0,77.0,3.3762227802556124
1,Blue,False,205371,49738,1949.0,2026.0,77.0,4.129056254775021
10,Bright Green,False,27550,8390,1949.0,2026.0,77.0,3.2836710369487485
15,White,False,514086,150469,1949.0,2026.0,77.0,3.41655756335192
14,Yellow,False,213892,71600,1949.0,2026.0,77.0,2.9873184357541898
4,Red,False,317761,95198,1949.0,2026.0,77.0,3.3378957541124814
47,Trans-Clear,True,47022,15266,1954.0,2026.0,72.0,3.0801781737193763
9999,[No Color/Any Color],False,10607,10361,1955.0,2026.0,71.0,1.0237428819612007
0,Black,False,823845,228939,1957.0,2026.0,69.0,3.5985349809337857
1135,Metal,False,56,31,1957.0,2021.0,64.0,1.8064516129032258
33,Trans-Dark Blue,True,10693,3305,1965.0,2026.0,61.0,3.2354009077155825
34,Trans-Green,True,5406,2272,1969.0,2026.0,57.0,2.379401408450704
46,Trans-Yellow,True,13278,4476,1969.0,2026.0,57.0,2.9664879356568363
36,Trans-Red,True,20492,7162,1969.0,2026.0,57.0,2.861211951968724
7,Light Gray,False,92813,25173,1954.0,2007.0,53.0,3.6870059190402413
383,Chrome Silver,False,1335,628,1977.0,2026.0,49.0,2.125796178343949
92,Nougat,False,3010,1209,1979.0,2026.0,47.0,2.489660876757651
79,Milky White,False,239,158,1963.0,2008.0,45.0,1.5126582278481013
19,Tan,False,191882,46392,1982.0,2026.0,44.0,4.136101051905501
41,Trans-Light Blue,True,32667,9394,1985.0,2026.0,41.0,3.4774324036619118
334,Chrome Gold,False,2196,853,1989.0,2026.0,37.0,2.574443141852286
42,Trans-Neon Green,True,6803,2339,1990.0,2024.0,34.0,2.9085079093629758
484,Dark Orange,False,27627,8159,1994.0,2026.0,32.0,3.386076725088859
313,Maersk Blue,False,469,101,1974.0,2006.0,32.0,4.643564356435643
6,Brown,False,9551,3786,1974.0,2006.0,32.0,2.522715266772319
57,Trans-Neon Orange,True,5613,1950,1993.0,2023.0,30.0,2.8784615384615386
82,Metallic Gold,False,3180,725,1997.0,2026.0,29.0,4.386206896551724
73,Medium Blue,False,13306,3510,1997.0,2026.0,29.0,3.790883190883191
25,Orange,False,54349,17861,1998.0,2026.0,28.0,3.0428867364649235
8,Dark Gray,False,22443,7798,1978.0,2006.0,28.0,2.8780456527314695
3,Dark Turquoise,False,23373,6269,1998.0,2026.0,28.0,3.72834582868081
80,Metallic Silver,False,4024,1310,1998.0,2026.0,28.0,3.07175572519084
45,Trans-Dark Pink,True,5741,1959,1998.0,2026.0,28.0,2.9305768249106685
72,Dark Bluish Gray,False,369450,103403,1999.0,2026.0,27.0,3.5729137452491706
288,Dark Green,False,25903,6128,1999.0,2026.0,27.0,4.226990861618799
272,Dark Blue,False,52666,15169,1999.0,2026.0,27.0,3.4719493704265276
378,Sand Green,False,25768,5306,2000.0,2026.0,26.0,4.85638899359216
52,Trans-Purple,True,3079,868,2000.0,2026.0,26.0,3.5472350230414746
26,Magenta,False,13571,4761,2000.0,2026.0,26.0,2.850451585801302
27,Lime,False,45401,14894,2000.0,2026.0,26.0,3.0482744729421243
28,Dark Tan,False,71465,17249,2000.0,2026.0,26.0,4.143138732680155
85,Dark Purple,False,16903,5945,2000.0,2026.0,26.0,2.84322960470984
40,Trans-Brown,True,8657,3009,1999.0,2025.0,26.0,2.8770355599867066
379,Sand Blue,False,10440,2839,2001.0,2026.0,25.0,3.6773511799929555
320,Dark Red,False,49960,12685,2001.0,2026.0,25.0,3.938510051241624
129,Glitter Trans-Purple,True,169,74,2000.0,2025.0,25.0,2.2837837837837838
114,Glitter Trans-Dark Pink,True,234,50,1999.0,2024.0,25.0,4.68
182,Trans-Orange,True,15822,5060,2002.0,2026.0,24.0,3.126877470355731
71,Light Bluish Gray,False,509672,133676,2002.0,2026.0,24.0,3.812741254974715
117,Glitter Trans-Clear,True,230,38,1999.0,2023.0,24.0,6.052631578947368
70,Reddish Brown,False,174440,49655,2003.0,2026.0,23.0,3.5130399758332493
191,Bright Light Orange,False,30254,10041,2003.0,2026.0,23.0,3.0130465093118217
5,Dark Pink,False,16181,4981,2003.0,2026.0,23.0,3.248544468982132
29,Bright Pink,False,18750,6002,2003.0,2026.0,23.0,3.1239586804398534
366,Earth Orange,False,170,132,1982.0,2005.0,23.0,1.2878787878787878
78,Light Nougat,False,11548,5994,2004.0,2026.0,22.0,1.9265932599265934
226,Bright Light Yellow,False,12190,3864,2004.0,2026.0,22.0,3.1547619047619047
297,Pearl Gold,False,53709,15592,2004.0,2026.0,22.0,3.4446511031298104
212,Bright Light Blue,False,9641,2855,2004.0,2026.0,22.0,3.3768826619964973
232,Sky Blue,False,132,63,2003.0,2023.0,20.0,2.0952380952380953
308,Dark Brown,False,24608,6893,2008.0,2026.0,18.0,3.5699985492528654
183,Pearl White,False,46,19,2003.0,2021.0,18.0,2.4210526315789473
179,Flat Silver,False,22815,8618,2009.0,2026.0,17.0,2.647365978185194
63,Chrome Pink,False,19,12,2001.0,2018.0,17.0,1.5833333333333333
143,Trans-Medium Blue,True,704,250,2001.0,2018.0,17.0,2.816
84,Medium Nougat,False,42453,12024,2010.0,2026.0,16.0,3.530688622754491
1103,Pearl Titanium,False,7667,3343,2010.0,2026.0,16.0,2.2934489979060726
35,Trans-Bright Green,True,3657,1301,2010.0,2026.0,16.0,2.810914681014604
21,Glow In Dark Opaque,False,209,151,1990.0,2006.0,16.0,1.3841059602649006
110,Violet,False,191,119,1992.0,2008.0,16.0,1.6050420168067228
326,Olive Green,False,11933,2577,2010.0,2026.0,16.0,4.63057819169577
1000,Glow in Dark White,False,656,185,2011.0,2026.0,15.0,3.545945945945946
31,Lavender,False,8640,2343,2011.0,2026.0,15.0,3.6875800256081948
30,Medium Lavender,False,9802,3292,2011.0,2026.0,15.0,2.9775212636695016
323,Light Aqua,False,10789,3111,2011.0,2026.0,15.0,3.4680167148826744
1064,Fabuland Red,False,22,15,1979.0,1994.0,15.0,1.4666666666666666
321,Dark Azure,False,16519,5656,2011.0,2026.0,15.0,2.9206152758132955
322,Medium Azure,False,29944,10405,2012.0,2026.0,14.0,2.8778471888515136
158,Yellowish Green,False,3830,1111,2012.0,2026.0,14.0,3.447344734473447
17,Light Green,False,165,124,1992.0,2005.0,13.0,1.3306451612903225
9,Light Blue,False,42,33,1995.0,2007.0,12.0,1.2727272727272727
1106,HO Blue-gray,False,3,3,1958.0,1970.0,12.0,1.0
64,Chrome Black,False,10,10,2008.0,2020.0,12.0,1.0
450,Fabuland Brown,False,56,44,1979.0,1991.0,12.0,1.2727272727272727
216,Rust,False,31,17,1989.0,2001.0,12.0,1.8235294117647058
18,Light Yellow,False,340,187,1994.0,2005.0,11.0,1.8181818181818181
351,Medium Dark Pink,False,1092,574,1994.0,2005.0,11.0,1.9024390243902438
74,Medium Green,False,571,308,1994.0,2005.0,11.0,1.853896103896104
13,Pink,False,477,246,1994.0,2005.0,11.0,1.9390243902439024
135,Pearl Light Gray,False,5496,2390,2000.0,2011.0,11.0,2.299581589958159
462,Medium Orange,False,491,281,1997.0,2007.0,10.0,1.7473309608540926
120,Light Lime,False,29,21,1998.0,2008.0,10.0,1.380952380952381
151,Very Light Bluish Gray,False,282,151,2004.0,2013.0,9.0,1.8675496688741722
1003,Glitter Trans-Light Blue,True,91,43,2015.0,2024.0,9.0,2.116279069767442
148,Pearl Dark Gray,False,532,281,2001.0,2010.0,9.0,1.893238434163701
1129,HO Olive Green,False,14,14,1957.0,1965.0,8.0,1.0
118,Aqua,False,322,130,1998.0,2006.0,8.0,2.476923076923077
132,Speckle Black-Silver,False,244,91,2005.0,2013.0,8.0,2.681318681318681
22,Purple,False,1005,318,1997.0,2005.0,8.0,3.160377358490566
20,Light Violet,False,182,124,1994.0,2002.0,8.0,1.467741935483871
61,Chrome Blue,False,26,16,1998.0,2006.0,8.0,1.625
1093,Light Lilac,False,51,19,2003.0,2011.0,8.0,2.6842105263157894
115,Medium Lime,False,192,105,1998.0,2005.0,7.0,1.8285714285714285
503,Very Light Gray,False,261,51,1997.0,2004.0,7.0,5.117647058823529
1001,Medium Violet,False,13,13,2000.0,2007.0,7.0,1.0
1050,Coral,False,7802,1847,2019.0,2026.0,7.0,4.224147265836492
1109,HO Dark Blue,False,9,9,1958.0,1965.0,7.0,1.0
1133,HO Tan,False,3,3,1957.0,1964.0,7.0,1.0
1121,HO Light Tan,False,4,4,1958.0,1964.0,6.0,1.0
125,Light Orange,False,66,46,1998.0,2004.0,6.0,1.434782608695652
137,Pearl Sand Blue,False,171,77,2000.0,2006.0,6.0,2.220779220779221
236,Trans-Light Purple,True,71,37,2000.0,2006.0,6.0,1.9189189189189189
294,Glow In Dark Trans,True,131,43,2005.0,2011.0,6.0,3.046511627906977
1113,HO Dark Red,False,10,10,1958.0,1964.0,6.0,1.0
1059,Opal Trans-Purple,True,310,107,2020.0,2026.0,6.0,2.897196261682243
1054,Opal Trans-Dark Pink,True,248,87,2020.0,2026.0,6.0,2.8505747126436782
1055,Opal Trans-Clear,True,959,180,2020.0,2026.0,6.0,5.3277777777777775
1051,Pastel Blue,False,734,101,2005.0,2011.0,6.0,7.267326732673268
1070,Pearl Blue,False,21,16,2003.0,2009.0,6.0,1.3125
1073,Pearl Black,False,35,19,2000.0,2006.0,6.0,1.8421052631578947
1144,Chrome Red,False,4,4,2003.0,2009.0,6.0,1.0
1053,Opal Trans-Light Blue,True,987,283,2020.0,2026.0,6.0,3.487632508833922
1132,HO Sand Green,False,4,4,1958.0,1964.0,6.0,1.0
11,Light Turquoise,False,164,78,1998.0,2004.0,6.0,2.1025641025641026
1111,HO Dark Green,False,4,4,1958.0,1964.0,6.0,1.0
1143,Glitter Milky White,False,4,4,1999.0,2005.0,6.0,1.0
1060,Opal Trans-Bright Green,True,182,26,2021.0,2026.0,5.0,7.0
1061,Opal Trans-Dark Blue,True,213,54,2021.0,2026.0,5.0,3.9444444444444446
100,Light Salmon,False,180,111,1997.0,2002.0,5.0,1.6216216216216217
112,Medium Bluish Violet,False,62,54,1999.0,2004.0,5.0,1.1481481481481481
142,Pearl Light Gold,False,28,27,2000.0,2005.0,5.0,1.037037037037037
1092,Metallic Copper,False,52,18,2008.0,2012.0,4.0,2.888888888888889
54,Trans-Neon Yellow,True,187,57,2001.0,2005.0,4.0,3.280701754385965
86,Light Brown,False,168,101,2002.0,2006.0,4.0,1.6633663366336633
134,Copper,False,191,44,2004.0,2008.0,4.0,4.340909090909091
60,Chrome Antique Brass,False,33,16,2001.0,2005.0,4.0,2.0625
1065,Reddish Gold,False,79,68,2002.0,2006.0,4.0,1.161764705882353
1088,Medium Brown,False,222,219,2022.0,2026.0,4.0,1.0136986301369864
1089,Warm Tan,False,612,471,2022.0,2026.0,4.0,1.2993630573248407
178,Flat Dark Gold,False,141,113,2002.0,2006.0,4.0,1.247787610619469
1077,Fabuland Lime,False,16,15,1982.0,1986.0,4.0,1.0666666666666667
1062,Vibrant Yellow,False,2381,691,2022.0,2026.0,4.0,3.4457308248914615
1012,Fabuland Orange,False,5,3,1983.0,1987.0,4.0,1.6666666666666667
150,Pearl Very Light Gray,False,40,29,2000.0,2004.0,4.0,1.3793103448275863
69,Light Purple,False,102,38,2003.0,2006.0,3.0,2.6842105263157894
1071,Pearl Green,False,21,15,2003.0,2006.0,3.0,1.4
1063,Pearl Copper,False,72,45,2017.0,2020.0,3.0,1.6
1067,Dark Nougat,False,10,10,2001.0,2004.0,3.0,1.0
43,Trans-Very Lt Blue,True,232,76,2003.0,2006.0,3.0,3.0526315789473686
1056,Opal Trans-Brown,True,140,16,2020.0,2023.0,3.0,8.75
1007,Reddish Lilac,False,50,23,2004.0,2007.0,3.0,2.1739130434782608
1069,Pearl Red,False,24,14,2003.0,2006.0,3.0,1.7142857142857142
1072,Pearl Brown,False,35,17,2003.0,2006.0,3.0,2.0588235294117645
1095,Trans-Black,True,912,199,2023.0,2026.0,3.0,4.582914572864322
1094,Trans-Medium Purple,True,258,92,2003.0,2006.0,3.0,2.8043478260869565
1102,Trans-Neon Red,True,22,9,2001.0,2004.0,3.0,2.4444444444444446
1110,HO Dark Gray,False,11,11,1961.0,1964.0,3.0,1.0
335,Sand Red,False,603,51,2001.0,2004.0,3.0,11.823529411764707
1057,Trans-Light Bright Green,True,119,48,2003.0,2006.0,3.0,2.4791666666666665
1005,Trans-Fire Yellow,True,41,16,2003.0,2006.0,3.0,2.5625
1004,Trans-Flame Yellowish Orange,True,214,82,2003.0,2006.0,3.0,2.6097560975609757
77,Light Pink,False,184,81,1991.0,1994.0,3.0,2.271604938271605
230,Trans-Pink,True,434,181,2003.0,2006.0,3.0,2.3977900552486187
12,Salmon,False,185,115,1997.0,2000.0,3.0,1.608695652173913
1002,Glitter Trans-Neon Green,True,9,8,2015.0,2018.0,3.0,1.125
1125,HO Metallic Blue,False,3,3,1958.0,1961.0,3.0,1.0
1139,Opal Trans-Yellow,True,23,12,2024.0,2026.0,2.0,1.9166666666666667
68,Very Light Orange,False,16,16,2000.0,2002.0,2.0,1.0
373,Sand Purple,False,73,21,2001.0,2003.0,2.0,3.4761904761904763
1138,Umber Brown,False,16,16,2024.0,2026.0,2.0,1.0
1141,Neon Green,False,25,15,1997.0,1999.0,2.0,1.6666666666666667
1137,Sienna Brown,False,62,61,2024.0,2026.0,2.0,1.0163934426229508
1086,Pearl Lime,False,41,39,2002.0,2004.0,2.0,1.0512820512820513
23,Dark Blue-Violet,False,9,9,2004.0,2006.0,2.0,1.0
1140,Neon Orange,False,14,5,1997.0,1999.0,2.0,2.8
1136,Reddish Orange,False,3278,769,2024.0,2026.0,2.0,4.2626788036410925
1126,HO Metallic Dark Gray,False,2,2,1958.0,1959.0,1.0,1.0
133,Speckle Black-Gold,False,5,5,2010.0,2011.0,1.0,1.0
1120,HO Light Gold,False,2,2,1957.0,1958.0,1.0,1.0
1131,HO Sand Blue,False,2,2,1957.0,1958.0,1.0,1.0
1124,HO Medium Red,False,4,4,1957.0,1958.0,1.0,1.0
1068,Bright Reddish Orange,False,16,13,2003.0,2004.0,1.0,1.2307692307692308
1074,Duplo Blue,False,6,6,2003.0,2004.0,1.0,1.0
1066,Curry,False,10,6,2004.0,2005.0,1.0,1.6666666666666667
1058,Trans-Light Green,True,42,16,2005.0,2006.0,1.0,2.625
1142,Dark Olive Green,False,11,2,2000.0,2001.0,1.0,5.5
1145,Ochre Yellow,False,11,11,2025.0,2026.0,1.0,1.0
1087,Duplo Pink,False,47,21,1992.0,1993.0,1.0,2.238095238095238
1100,Clikits Yellow,False,22,6,2003.0,2004.0,1.0,3.6666666666666665
1116,HO Earth Orange,False,2,2,1957.0,1958.0,1.0,1.0
1081,Rust Orange,False,3,3,2004.0,2005.0,1.0,1.0
89,Royal Blue,False,191,68,2004.0,2005.0,1.0,2.8088235294117645
1119,HO Light Brown,False,1,1,1957.0,1957.0,0.0,1.0
1016,Modulex Charcoal Gray,False,2,2,1963.0,1963.0,0.0,1.0
1017,Modulex Tile Gray,False,219,218,1963.0,1963.0,0.0,1.0045871559633028
1018,Modulex Black,False,2499,310,1963.0,1963.0,0.0,8.061290322580644
1019,Modulex Tile Brown,False,158,157,1963.0,1963.0,0.0,1.0063694267515924
81,Metallic Green,False,23,13,2001.0,2001.0,0.0,1.7692307692307692
75,Speckle Black-Copper,False,10,7,2006.0,2006.0,0.0,1.4285714285714286
76,Speckle DBGray-Silver,False,12,9,2006.0,2006.0,0.0,1.3333333333333333
1118,HO Light Aqua,False,1,1,1958.0,1958.0,0.0,1.0
1128,HO Metallic Sand Blue,False,1,1,1958.0,1958.0,0.0,1.0
1130,HO Rose,False,1,1,1958.0,1958.0,0.0,1.0
1127,HO Metallic Green,False,1,1,1958.0,1958.0,0.0,1.0
1122,HO Light Yellow,False,1,1,1958.0,1958.0,0.0,1.0
1123,HO Medium Blue,False,2,2,1958.0,1958.0,0.0,1.0
1117,HO Gold,False,1,1,1958.0,1958.0,0.0,1.0
1008,Vintage Blue,False,24,4,1949.0,1949.0,0.0,6.0
1009,Vintage Green,False,32,8,1949.0,1949.0,0.0,4.0
1052,Glitter Trans-Orange,True,1,1,2020.0,2020.0,0.0,1.0
1041,Modulex Foil Light Gray,False,1,1,1963.0,1963.0,0.0,1.0
1042,Modulex Foil Dark Green,False,1,1,1963.0,1963.0,0.0,1.0
1047,Modulex Foil Red,False,1,1,1963.0,1963.0,0.0,1.0
1043,Modulex Foil Light Green,False,1,1,1963.0,1963.0,0.0,1.0
1046,Modulex Foil Violet,False,1,1,1963.0,1963.0,0.0,1.0
1045,Modulex Foil Light Blue,False,1,1,1963.0,1963.0,0.0,1.0
1044,Modulex Foil Dark Blue,False,1,1,1963.0,1963.0,0.0,1.0
1040,Modulex Foil Dark Gray,False,1,1,1963.0,1963.0,0.0,1.0
1037,Modulex Violet,False,7,7,1963.0,1963.0,0.0,1.0
1038,Modulex Pink,False,20,20,1963.0,1963.0,0.0,1.0
1039,Modulex Clear,False,1394,71,1963.0,1963.0,0.0,19.633802816901408
1036,Modulex Pastel Blue,False,19,19,1963.0,1963.0,0.0,1.0
62,Chrome Green,False,2,2,1999.0,1999.0,0.0,1.0
1014,Modulex Light Bluish Gray,False,10,10,1963.0,1963.0,0.0,1.0
1013,Modulex White,False,2998,758,1963.0,1963.0,0.0,3.955145118733509
1032,Modulex Aqua Green,False,16,16,1963.0,1963.0,0.0,1.0
1033,Modulex Teal Blue,False,1104,15,1963.0,1963.0,0.0,73.6
1031,Modulex Olive Green,False,1111,21,1963.0,1963.0,0.0,52.904761904761905
1030,Modulex Pastel Green,False,35,34,1963.0,1963.0,0.0,1.0294117647058822
1027,Modulex Light Yellow,False,8,8,1963.0,1963.0,0.0,1.0
1026,Modulex Light Orange,False,7,7,1963.0,1963.0,0.0,1.0
1029,Modulex Lemon,False,23,23,1963.0,1963.0,0.0,1.0
1028,Modulex Ochre Yellow,False,1107,18,1963.0,1963.0,0.0,61.5
1024,Modulex Pink Red,False,7,7,1963.0,1963.0,0.0,1.0
1025,Modulex Orange,False,26,25,1963.0,1963.0,0.0,1.04
1023,Modulex Red,False,26,26,1963.0,1963.0,0.0,1.0
1022,Modulex Buff,False,1626,42,1963.0,1963.0,0.0,38.714285714285715
1020,Modulex Terracotta,False,1622,38,1963.0,1963.0,0.0,42.68421052631579
1021,Modulex Brown,False,2223,36,1963.0,1963.0,0.0,61.75
1049,Modulex Foil Orange,False,1,1,1963.0,1963.0,0.0,1.0
1048,Modulex Foil Yellow,False,1,1,1963.0,1963.0,0.0,1.0
1015,Modulex Light Gray,False,2249,62,1963.0,1963.0,0.0,36.274193548387096
1011,Vintage Yellow,False,24,4,1949.0,1949.0,0.0,6.0
1034,Modulex Tile Blue,False,80,79,1963.0,1963.0,0.0,1.0126582278481013
1035,Modulex Medium Blue,False,8,8,1963.0,1963.0,0.0,1.0
1006,Trans-Light Royal Blue,True,90,48,2005.0,2005.0,0.0,1.875
1010,Vintage Red,False,31,8,1949.0,1949.0,0.0,3.875
1099,Glitter Trans-Pink,True,2,1,2005.0,2005.0,0.0,2.0
1097,Glitter Trans-Medium Purple,True,6,3,2005.0,2005.0,0.0,2.0
1083,Two-tone Copper,False,2,2,2001.0,2001.0,0.0,1.0
1078,Duplo Medium Green,False,1,1,2003.0,2003.0,0.0,1.0
1076,Duplo Lime,False,5,3,1992.0,1992.0,0.0,1.6666666666666667
1080,Light Tan,False,1,1,2006.0,2006.0,0.0,1.0
1079,Duplo Light Green,False,1,1,2004.0,2004.0,0.0,1.0
1082,Clikits Pink,False,32,10,2006.0,2006.0,0.0,3.2
1098,Glitter Trans-Green,True,1,1,2000.0,2000.0,0.0,1.0
1075,Duplo Medium Blue,False,1,1,2004.0,2004.0,0.0,1.0
1084,Two-tone Gold,False,6,6,2002.0,2002.0,0.0,1.0
1085,Two-tone Silver,False,6,6,2002.0,2002.0,0.0,1.0
1090,Duplo Turquoise,False,2,2,2003.0,2003.0,0.0,1.0
1091,Warm Yellowish Orange,False,19,19,2004.0,2004.0,0.0,1.0
1108,HO Dark Aqua,False,1,1,1958.0,1958.0,0.0,1.0
1115,HO Dark Turquoise,False,1,1,1965.0,1965.0,0.0,1.0
1114,HO Dark Sand Green,False,1,1,1958.0,1958.0,0.0,1.0
1112,HO Dark Lime,False,1,1,1958.0,1958.0,0.0,1.0
1101,Duplo Dark Purple,False,1,1,2003.0,2003.0,0.0,1.0
1107,HO Cyan,False,1,1,1958.0,1958.0,0.0,1.0
1105,HO Azure,False,1,1,1963.0,1963.0,0.0,1.0
1104,HO Aqua,False,1,1,1958.0,1958.0,0.0,1.0
1147,Blue Violet,False,385,111,2026.0,2026.0,0.0,3.4684684684684686
-1,[Unknown],False,17,2,2000.0,2000.0,0.0,8.5
1146,Warm Pink,False,405,58,2026.0,2026.0,0.0,6.982758620689655
1134,HO Titanium,False,1,1,1958.0,1958.0,0.0,1.0
32,Trans-Black IR Lens,True,0,0,,,,
1096,Glitter Trans-Bright Green,True,0,0,,,,
